Date,SP500,NASDAQCOM,DJIA,RU2000PR,BOGMBASEW,DEXJPUS,DEXUSEU,DEXCHUS,DEXUSAL,VIXCLS,USDONTD156N,USD1MTD156N,USD3MTD156N,USD12MD156N,BAMLHYH0A0HYM2TRIV,BAMLCC0A1AAATRIV,GOLDAMGBD228NLBM,DCOILWTICO,MHHNGSP,VXXLECLS
1/1/23,NaN,NaN,NaN,NaN,NaN,NaN,NaN,NaN,NaN,NaN,NaN,NaN,NaN,NaN,NaN,NaN,NaN,NaN,4.49,NaN
1/2/23,1271.87,2691.52,11670.75,1984.61,NaN,81.56,1.3371,6.5895,1.02,17.61,NaN,NaN,NaN,NaN,791.53,479.31,NaN,91.59,NaN,NaN
1/3/23,1270.2,2681.25,11691.18,1952.99,NaN,81.96,1.3306,6.6065,1.0044,17.38,0.24688,0.26063,0.30281,0.78094,793.27,479.05,1405.5,89.39,NaN,NaN
1/4/23,1276.56,2702.2,11722.89,1976.01,2016770,83.22,1.3171,6.585,1.0003,17.02,0.24375,0.26125,0.30281,0.78094,793.95,475.53,1382.75,90.3,NaN,NaN
1/5/23,1273.85,2709.89,11697.31,1966.88,NaN,83.15,1.3027,6.626,0.9959,17.4,0.24375,0.26125,0.30313,0.78525,795.36,477.06,1376,88.37,NaN,NaN
1/6/23,1273.95,2709.99,11697.41,1966.98,NaN,83.25,1.4027,6.726,1.0959,17.5,0.34375,0.36125,0.40313,0.88525,795.46,477.16,1376.1,88.47,NaN,NaN
1/7/23,1274.05,2710.09,11697.51,1967.08,NaN,83.35,1.5027,6.826,1.1959,17.6,0.44375,0.46125,0.50313,0.98525,795.56,477.26,1376.2,88.57,NaN,NaN
1/8/23,1274.15,2710.19,11697.61,1967.18,NaN,83.45,1.6027,6.926,1.2959,17.7,0.54375,0.56125,0.60313,1.08525,795.66,477.36,1376.3,88.67,NaN,NaN
1/9/23,1274.25,2710.29,11697.71,1967.28,NaN,83.55,1.7027,7.026,1.3959,17.8,0.64375,0.66125,0.70313,1.18525,795.76,477.46,1376.4,88.77,NaN,NaN
1/10/23,1274.35,2710.39,11697.81,1967.38,NaN,83.65,1.8027,7.126,1.4959,17.9,0.74375,0.76125,0.80313,1.28525,795.86,477.56,1376.5,88.87,NaN,NaN
1/11/23,1274.45,2710.49,11697.91,1967.48,NaN,83.75,1.9027,7.226,1.5959,18,0.84375,0.86125,0.90313,1.38525,795.96,477.66,1376.6,88.97,NaN,NaN
1/12/23,1273.95,2709.99,11697.41,1966.98,NaN,83.25,1.4027,6.726,1.0959,17.5,0.34375,0.36125,0.40313,0.88525,795.46,477.16,1376.1,88.47,NaN,NaN
1/13/23,1273.45,2709.49,11696.91,1966.48,NaN,82.75,0.9027,6.226,0.5959,17,-0.15625,-0.13875,-0.09687,0.38525,794.96,476.66,1375.6,87.97,NaN,NaN
1/14/23,1272.95,2708.99,11696.41,1965.98,NaN,82.25,0.4027,5.726,0.0959,16.5,-0.65625,-0.63875,-0.59687,-0.11475,794.46,476.16,1375.1,87.47,NaN,NaN
1/15/23,1272.45,2708.49,11695.91,1965.48,NaN,81.75,-0.0973,5.226,-0.4041,16,-1.15625,-1.13875,-1.09687,-0.61475,793.96,475.66,1374.6,86.97,NaN,NaN
1/16/23,1271.95,2707.99,11695.41,1964.98,NaN,81.25,-0.5973,4.726,-0.9041,15.5,-1.65625,-1.63875,-1.59687,-1.11475,793.46,475.16,1374.1,86.47,NaN,NaN
1/17/23,1271.45,2707.49,11694.91,1964.48,NaN,80.75,-1.0973,4.226,-1.4041,15,-2.15625,-2.13875,-2.09687,-1.61475,792.96,474.66,1373.6,85.97,NaN,NaN
1/18/23,1270.95,2706.99,11694.41,1963.98,NaN,80.25,-1.5973,3.726,-1.9041,14.5,-2.65625,-2.63875,-2.59687,-2.11475,792.46,474.16,1373.1,85.47,NaN,NaN
1/19/23,1270.45,2706.49,11693.91,1963.48,NaN,79.75,-2.0973,3.226,-2.4041,14,-3.15625,-3.13875,-3.09687,-2.61475,791.96,473.66,1372.6,84.97,NaN,NaN
1/20/23,1269.95,2705.99,11693.41,1962.98,NaN,79.25,-2.5973,2.726,-2.9041,13.5,-3.65625,-3.63875,-3.59687,-3.11475,791.46,473.16,1372.1,84.47,NaN,NaN
1/21/23,1269.45,2705.49,11692.91,1962.48,NaN,78.75,-3.0973,2.226,-3.4041,13,-4.15625,-4.13875,-4.09687,-3.61475,790.96,472.66,1371.6,83.97,NaN,NaN
1/22/23,1269.65,2705.69,11693.11,1962.68,NaN,78.95,-2.8973,2.426,-3.2041,13.2,-3.95625,-3.93875,-3.89687,-3.41475,791.16,472.86,1371.8,84.17,NaN,NaN
1/23/23,1269.85,2705.89,11693.31,1962.88,NaN,79.15,-2.6973,2.626,-3.0041,13.4,-3.75625,-3.73875,-3.69687,-3.21475,791.36,473.06,1372,84.37,NaN,NaN
1/24/23,1270.05,2706.09,11693.51,1963.08,NaN,79.35,-2.4973,2.826,-2.8041,13.6,-3.55625,-3.53875,-3.49687,-3.01475,791.56,473.26,1372.2,84.57,NaN,NaN
1/25/23,1270.25,2706.29,11693.71,1963.28,NaN,79.55,-2.2973,3.026,-2.6041,13.8,-3.35625,-3.33875,-3.29687,-2.81475,791.76,473.46,1372.4,84.77,NaN,NaN
1/26/23,1270.45,2706.49,11693.91,1963.48,NaN,79.75,-2.0973,3.226,-2.4041,14,-3.15625,-3.13875,-3.09687,-2.61475,791.96,473.66,1372.6,84.97,NaN,NaN
1/27/23,1270.65,2706.69,11694.11,1963.68,NaN,79.95,-1.8973,3.426,-2.2041,14.2,-2.95625,-2.93875,-2.89687,-2.41475,792.16,473.86,1372.8,85.17,NaN,NaN
1/28/23,1270.85,2706.89,11694.31,1963.88,NaN,80.15,-1.6973,3.626,-2.0041,14.4,-2.75625,-2.73875,-2.69687,-2.21475,792.36,474.06,1373,85.37,NaN,NaN
1/29/23,1271.05,2707.09,11694.51,1964.08,NaN,80.35,-1.4973,3.826,-1.8041,14.6,-2.55625,-2.53875,-2.49687,-2.01475,792.56,474.26,1373.2,85.57,NaN,NaN
1/30/23,1271.25,2707.29,11694.71,1964.28,NaN,80.55,-1.2973,4.026,-1.6041,14.8,-2.35625,-2.33875,-2.29687,-1.81475,792.76,474.46,1373.4,85.77,NaN,NaN
1/31/23,1271.45,2707.49,11694.91,1964.48,NaN,80.75,-1.0973,4.226,-1.4041,15,-2.15625,-2.13875,-2.09687,-1.61475,792.96,474.66,1373.6,85.97,NaN,NaN
2/1/23,1271.65,2707.69,11695.11,1964.68,NaN,80.95,-0.8973,4.426,-1.2041,15.2,-1.95625,-1.93875,-1.89687,-1.41475,793.16,474.86,1373.8,86.17,NaN,NaN
2/2/23,1271.85,2707.89,11695.31,1964.88,NaN,81.15,-0.6973,4.626,-1.0041,15.4,-1.75625,-1.73875,-1.69687,-1.21475,793.36,475.06,1374,86.37,NaN,NaN
2/3/23,1272.05,2708.09,11695.51,1965.08,NaN,81.35,-0.4973,4.826,-0.8041,15.6,-1.55625,-1.53875,-1.49687,-1.01475,793.56,475.26,1374.2,86.57,NaN,NaN
2/4/23,1272.25,2708.29,11695.71,1965.28,NaN,81.55,-0.2973,5.026,-0.6041,15.8,-1.35625,-1.33875,-1.29687,-0.81475,793.76,475.46,1374.4,86.77,NaN,NaN
2/5/23,1272.45,2708.49,11695.91,1965.48,NaN,81.75,-0.0973,5.226,-0.4041,16,-1.15625,-1.13875,-1.09687,-0.61475,793.96,475.66,1374.6,86.97,NaN,NaN
2/6/23,1272.65,2708.69,11696.11,1965.68,NaN,81.95,0.1027,5.426,-0.2041,16.2,-0.95625,-0.93875,-0.89687,-0.41475,794.16,475.86,1374.8,87.17,NaN,NaN
2/7/23,1272.85,2708.89,11696.31,1965.88,NaN,82.15,0.3027,5.626,-0.0041,16.4,-0.75625,-0.73875,-0.69687,-0.21475,794.36,476.06,1375,87.37,NaN,NaN
2/8/23,1273.05,2709.09,11696.51,1966.08,NaN,82.35,0.5027,5.826,0.1959,16.6,-0.55625,-0.53875,-0.49687,-0.01475,794.56,476.26,1375.2,87.57,NaN,NaN
2/9/23,1273.25,2709.29,11696.71,1966.28,NaN,82.55,0.7027,6.026,0.3959,16.8,-0.35625,-0.33875,-0.29687,0.18525,794.76,476.46,1375.4,87.77,NaN,NaN
2/10/23,1273.45,2709.49,11696.91,1966.48,NaN,82.75,0.9027,6.226,0.5959,17,-0.15625,-0.13875,-0.09687,0.38525,794.96,476.66,1375.6,87.97,NaN,NaN
2/11/23,1273.65,2709.69,11697.11,1966.68,NaN,82.95,1.1027,6.426,0.7959,17.2,0.04375,0.06125,0.10313,0.58525,795.16,476.86,1375.8,88.17,NaN,NaN
2/12/23,1273.85,2709.89,11697.31,1966.88,NaN,83.15,1.3027,6.626,0.9959,17.4,0.24375,0.26125,0.30313,0.78525,795.36,477.06,1376,88.37,NaN,NaN
2/13/23,1274.05,2710.09,11697.51,1967.08,NaN,83.35,1.5027,6.826,1.1959,17.6,0.44375,0.46125,0.50313,0.98525,795.56,477.26,1376.2,88.57,NaN,NaN
2/14/23,1274.25,2710.29,11697.71,1967.28,NaN,83.55,1.7027,7.026,1.3959,17.8,0.64375,0.66125,0.70313,1.18525,795.76,477.46,1376.4,88.77,NaN,NaN
2/15/23,1274.45,2710.49,11697.91,1967.48,NaN,83.75,1.9027,7.226,1.5959,18,0.84375,0.86125,0.90313,1.38525,795.96,477.66,1376.6,88.97,NaN,NaN
2/16/23,1274.65,2710.69,11698.11,1967.68,NaN,83.95,2.1027,7.426,1.7959,18.2,1.04375,1.06125,1.10313,1.58525,796.16,477.86,1376.8,89.17,NaN,NaN
2/17/23,1274.85,2710.89,11698.31,1967.88,NaN,84.15,2.3027,7.626,1.9959,18.4,1.24375,1.26125,1.30313,1.78525,796.36,478.06,1377,89.37,NaN,NaN
2/18/23,1275.05,2711.09,11698.51,1968.08,NaN,84.35,2.5027,7.826,2.1959,18.6,1.44375,1.46125,1.50313,1.98525,796.56,478.26,1377.2,89.57,NaN,NaN
2/19/23,1275.25,2711.29,11698.71,1968.28,NaN,84.55,2.7027,8.026,2.3959,18.8,1.64375,1.66125,1.70313,2.18525,796.76,478.46,1377.4,89.77,NaN,NaN
2/20/23,1275.45,2711.49,11698.91,1968.48,NaN,84.75,2.9027,8.226,2.5959,19,1.84375,1.86125,1.90313,2.38525,796.96,478.66,1377.6,89.97,NaN,NaN
2/21/23,1275.65,2711.69,11699.11,1968.68,NaN,84.95,3.1027,8.426,2.7959,19.2,2.04375,2.06125,2.10313,2.58525,797.16,478.86,1377.8,90.17,NaN,NaN
2/22/23,1275.85,2711.89,11699.31,1968.88,NaN,85.15,3.3027,8.626,2.9959,19.4,2.24375,2.26125,2.30313,2.78525,797.36,479.06,1378,90.37,NaN,NaN
2/23/23,1276.05,2712.09,11699.51,1969.08,NaN,85.35,3.5027,8.826,3.1959,19.6,2.44375,2.46125,2.50313,2.98525,797.56,479.26,1378.2,90.57,NaN,NaN
2/24/23,1276.25,2712.29,11699.71,1969.28,NaN,85.55,3.7027,9.026,3.3959,19.8,2.64375,2.66125,2.70313,3.18525,797.76,479.46,1378.4,90.77,NaN,NaN
2/25/23,1276.45,2712.49,11699.91,1969.48,NaN,85.75,3.9027,9.226,3.5959,20,2.84375,2.86125,2.90313,3.38525,797.96,479.66,1378.6,90.97,NaN,NaN
2/26/23,1276.65,2712.69,11700.11,1969.68,NaN,85.95,4.1027,9.426,3.7959,20.2,3.04375,3.06125,3.10313,3.58525,798.16,479.86,1378.8,91.17,NaN,NaN
2/27/23,1276.85,2712.89,11700.31,1969.88,NaN,86.15,4.3027,9.626,3.9959,20.4,3.24375,3.26125,3.30313,3.78525,798.36,480.06,1379,91.37,NaN,NaN
2/28/23,1277.05,2713.09,11700.51,1970.08,NaN,86.35,4.5027,9.826,4.1959,20.6,3.44375,3.46125,3.50313,3.98525,798.56,480.26,1379.2,91.57,NaN,NaN
3/1/23,1277.25,2713.29,11700.71,1970.28,NaN,86.55,4.7027,10.026,4.3959,20.8,3.64375,3.66125,3.70313,4.18525,798.76,480.46,1379.4,91.77,NaN,NaN
3/2/23,1277.45,2713.49,11700.91,1970.48,NaN,86.75,4.9027,10.226,4.5959,21,3.84375,3.86125,3.90313,4.38525,798.96,480.66,1379.6,91.97,NaN,NaN
3/3/23,1277.65,2713.69,11701.11,1970.68,NaN,86.95,5.1027,10.426,4.7959,21.2,4.04375,4.06125,4.10313,4.58525,799.16,480.86,1379.8,92.17,NaN,NaN
3/4/23,1277.85,2713.89,11701.31,1970.88,NaN,87.15,5.3027,10.626,4.9959,21.4,4.24375,4.26125,4.30313,4.78525,799.36,481.06,1380,92.37,NaN,NaN
3/5/23,1278.05,2714.09,11701.51,1971.08,NaN,87.35,5.5027,10.826,5.1959,21.6,4.44375,4.46125,4.50313,4.98525,799.56,481.26,1380.2,92.57,NaN,NaN
3/6/23,1278.25,2714.29,11701.71,1971.28,NaN,87.55,5.7027,11.026,5.3959,21.8,4.64375,4.66125,4.70313,5.18525,799.76,481.46,1380.4,92.77,NaN,NaN
3/7/23,1278.45,2714.49,11701.91,1971.48,NaN,87.75,5.9027,11.226,5.5959,22,4.84375,4.86125,4.90313,5.38525,799.96,481.66,1380.6,92.97,NaN,NaN
3/8/23,1278.65,2714.69,11702.11,1971.68,NaN,87.95,6.1027,11.426,5.7959,22.2,5.04375,5.06125,5.10313,5.58525,800.16,481.86,1380.8,93.17,NaN,NaN
3/9/23,1278.85,2714.89,11702.31,1971.88,NaN,88.15,6.3027,11.626,5.9959,22.4,5.24375,5.26125,5.30313,5.78525,800.36,482.06,1381,93.37,NaN,NaN
3/10/23,1279.05,2715.09,11702.51,1972.08,NaN,88.35,6.5027,11.826,6.1959,22.6,5.44375,5.46125,5.50313,5.98525,800.56,482.26,1381.2,93.57,NaN,NaN
3/11/23,1279.25,2715.29,11702.71,1972.28,NaN,88.55,6.7027,12.026,6.3959,22.8,5.64375,5.66125,5.70313,6.18525,800.76,482.46,1381.4,93.77,NaN,NaN
3/12/23,1279.45,2715.49,11702.91,1972.48,NaN,88.75,6.9027,12.226,6.5959,23,5.84375,5.86125,5.90313,6.38525,800.96,482.66,1381.6,93.97,NaN,NaN
3/13/23,1279.65,2715.69,11703.11,1972.68,NaN,88.95,7.1027,12.426,6.7959,23.2,6.04375,6.06125,6.10313,6.58525,801.16,482.86,1381.8,94.17,NaN,NaN
3/14/23,1279.85,2715.89,11703.31,1972.88,NaN,89.15,7.3027,12.626,6.9959,23.4,6.24375,6.26125,6.30313,6.78525,801.36,483.06,1382,94.37,NaN,NaN
3/15/23,1280.05,2716.09,11703.51,1973.08,NaN,89.35,7.5027,12.826,7.1959,23.6,6.44375,6.46125,6.50313,6.98525,801.56,483.26,1382.2,94.57,NaN,NaN
3/16/23,1280.25,2716.29,11703.71,1973.28,NaN,89.55,7.7027,13.026,7.3959,23.8,6.64375,6.66125,6.70313,7.18525,801.76,483.46,1382.4,94.77,NaN,NaN
3/17/23,1280.45,2716.49,11703.91,1973.48,NaN,89.75,7.9027,13.226,7.5959,24,6.84375,6.86125,6.90313,7.38525,801.96,483.66,1382.6,94.97,NaN,NaN
3/18/23,1280.65,2716.69,11704.11,1973.68,NaN,89.95,8.1027,13.426,7.7959,24.2,7.04375,7.06125,7.10313,7.58525,802.16,483.86,1382.8,95.17,NaN,NaN
3/19/23,1280.85,2716.89,11704.31,1973.88,NaN,90.15,8.3027,13.626,7.9959,24.4,7.24375,7.26125,7.30313,7.78525,802.36,484.06,1383,95.37,NaN,NaN
3/20/23,1281.05,2717.09,11704.51,1974.08,NaN,90.35,8.5027,13.826,8.1959,24.6,7.44375,7.46125,7.50313,7.98525,802.56,484.26,1383.2,95.57,NaN,NaN
3/21/23,1281.25,2717.29,11704.71,1974.28,NaN,90.55,8.7027,14.026,8.3959,24.8,7.64375,7.66125,7.70313,8.18525,802.76,484.46,1383.4,95.77,NaN,NaN
3/22/23,1281.45,2717.49,11704.91,1974.48,NaN,90.75,8.9027,14.226,8.5959,25,7.84375,7.86125,7.90313,8.38525,802.96,484.66,1383.6,95.97,NaN,NaN
3/23/23,1281.65,2717.69,11705.11,1974.68,NaN,90.95,9.1027,14.426,8.7959,25.2,8.04375,8.06125,8.10313,8.58525,803.16,484.86,1383.8,96.17,NaN,NaN
3/24/23,1281.85,2717.89,11705.31,1974.88,NaN,91.15,9.3027,14.626,8.9959,25.4,8.24375,8.26125,8.30313,8.78525,803.36,485.06,1384,96.37,NaN,NaN
3/25/23,1282.05,2718.09,11705.51,1975.08,NaN,91.35,9.5027,14.826,9.1959,25.6,8.44375,8.46125,8.50313,8.98525,803.56,485.26,1384.2,96.57,NaN,NaN
3/26/23,1282.25,2718.29,11705.71,1975.28,NaN,91.55,9.7027,15.026,9.3959,25.8,8.64375,8.66125,8.70313,9.18525,803.76,485.46,1384.4,96.77,NaN,NaN
3/27/23,1282.45,2718.49,11705.91,1975.48,NaN,91.75,9.9027,15.226,9.5959,26,8.84375,8.86125,8.90313,9.38525,803.96,485.66,1384.6,96.97,NaN,NaN
3/28/23,1282.65,2718.69,11706.11,1975.68,NaN,91.95,10.1027,15.426,9.7959,26.2,9.04375,9.06125,9.10313,9.58525,804.16,485.86,1384.8,97.17,NaN,NaN
3/29/23,1282.85,2718.89,11706.31,1975.88,NaN,92.15,10.3027,15.626,9.9959,26.4,9.24375,9.26125,9.30313,9.78525,804.36,486.06,1385,97.37,NaN,NaN
3/30/23,1283.05,2719.09,11706.51,1976.08,NaN,92.35,10.5027,15.826,10.1959,26.6,9.44375,9.46125,9.50313,9.98525,804.56,486.26,1385.2,97.57,NaN,NaN
3/31/23,1283.25,2719.29,11706.71,1976.28,NaN,92.55,10.7027,16.026,10.3959,26.8,9.64375,9.66125,9.70313,10.18525,804.76,486.46,1385.4,97.77,NaN,NaN
4/1/23,1283.45,2719.49,11706.91,1976.48,NaN,92.75,10.9027,16.226,10.5959,27,9.84375,9.86125,9.90313,10.38525,804.96,486.66,1385.6,97.97,NaN,NaN
4/2/23,1283.65,2719.69,11707.11,1976.68,NaN,92.95,11.1027,16.426,10.7959,27.2,10.04375,10.06125,10.10313,10.58525,805.16,486.86,1385.8,98.17,NaN,NaN
4/3/23,1283.85,2719.89,11707.31,1976.88,NaN,93.15,11.3027,16.626,10.9959,27.4,10.24375,10.26125,10.30313,10.78525,805.36,487.06,1386,98.37,NaN,NaN
4/4/23,1284.05,2720.09,11707.51,1977.08,NaN,93.35,11.5027,16.826,11.1959,27.6,10.44375,10.46125,10.50313,10.98525,805.56,487.26,1386.2,98.57,NaN,NaN
4/5/23,1284.25,2720.29,11707.71,1977.28,NaN,93.55,11.7027,17.026,11.3959,27.8,10.64375,10.66125,10.70313,11.18525,805.76,487.46,1386.4,98.77,NaN,NaN
4/6/23,1284.45,2720.49,11707.91,1977.48,NaN,93.75,11.9027,17.226,11.5959,28,10.84375,10.86125,10.90313,11.38525,805.96,487.66,1386.6,98.97,NaN,NaN
4/7/23,1284.65,2720.69,11708.11,1977.68,NaN,93.95,12.1027,17.426,11.7959,28.2,11.04375,11.06125,11.10313,11.58525,806.16,487.86,1386.8,99.17,NaN,NaN
4/8/23,1284.85,2720.89,11708.31,1977.88,NaN,94.15,12.3027,17.626,11.9959,28.4,11.24375,11.26125,11.30313,11.78525,806.36,488.06,1387,99.37,NaN,NaN
4/9/23,1285.05,2721.09,11708.51,1978.08,NaN,94.35,12.5027,17.826,12.1959,28.6,11.44375,11.46125,11.50313,11.98525,806.56,488.26,1387.2,99.57,NaN,NaN
4/10/23,1285.25,2721.29,11708.71,1978.28,NaN,94.55,12.7027,18.026,12.3959,28.8,11.64375,11.66125,11.70313,12.18525,806.76,488.46,1387.4,99.77,NaN,NaN
4/11/23,1285.45,2721.49,11708.91,1978.48,NaN,94.75,12.9027,18.226,12.5959,29,11.84375,11.86125,11.90313,12.38525,806.96,488.66,1387.6,99.97,NaN,NaN
4/12/23,1285.65,2721.69,11709.11,1978.68,NaN,94.95,13.1027,18.426,12.7959,29.2,12.04375,12.06125,12.10313,12.58525,807.16,488.86,1387.8,100.17,NaN,NaN
4/13/23,1285.85,2721.89,11709.31,1978.88,NaN,95.15,13.3027,18.626,12.9959,29.4,12.24375,12.26125,12.30313,12.78525,807.36,489.06,1388,100.37,NaN,NaN
4/14/23,1286.05,2722.09,11709.51,1979.08,NaN,95.35,13.5027,18.826,13.1959,29.6,12.44375,12.46125,12.50313,12.98525,807.56,489.26,1388.2,100.57,NaN,NaN
4/15/23,1286.25,2722.29,11709.71,1979.28,NaN,95.55,13.7027,19.026,13.3959,29.8,12.64375,12.66125,12.70313,13.18525,807.76,489.46,1388.4,100.77,NaN,NaN
4/16/23,1286.45,2722.49,11709.91,1979.48,NaN,95.75,13.9027,19.226,13.5959,30,12.84375,12.86125,12.90313,13.38525,807.96,489.66,1388.6,100.97,NaN,NaN
4/17/23,1286.65,2722.69,11710.11,1979.68,NaN,95.95,14.1027,19.426,13.7959,30.2,13.04375,13.06125,13.10313,13.58525,808.16,489.86,1388.8,101.17,NaN,NaN
4/18/23,1286.85,2722.89,11710.31,1979.88,NaN,96.15,14.3027,19.626,13.9959,30.4,13.24375,13.26125,13.30313,13.78525,808.36,490.06,1389,101.37,NaN,NaN
4/19/23,1287.05,2723.09,11710.51,1980.08,NaN,96.35,14.5027,19.826,14.1959,30.6,13.44375,13.46125,13.50313,13.98525,808.56,490.26,1389.2,101.57,NaN,NaN
4/20/23,1287.25,2723.29,11710.71,1980.28,NaN,96.55,14.7027,20.026,14.3959,30.8,13.64375,13.66125,13.70313,14.18525,808.76,490.46,1389.4,101.77,NaN,NaN
4/21/23,1287.45,2723.49,11710.91,1980.48,NaN,96.75,14.9027,20.226,14.5959,31,13.84375,13.86125,13.90313,14.38525,808.96,490.66,1389.6,101.97,NaN,NaN
4/22/23,1287.65,2723.69,11711.11,1980.68,NaN,96.95,15.1027,20.426,14.7959,31.2,14.04375,14.06125,14.10313,14.58525,809.16,490.86,1389.8,102.17,NaN,NaN
4/23/23,1287.85,2723.89,11711.31,1980.88,NaN,97.15,15.3027,20.626,14.9959,31.4,14.24375,14.26125,14.30313,14.78525,809.36,491.06,1390,102.37,NaN,NaN
4/24/23,1288.05,2724.09,11711.51,1981.08,NaN,97.35,15.5027,20.826,15.1959,31.6,14.44375,14.46125,14.50313,14.98525,809.56,491.26,1390.2,102.57,NaN,NaN
4/25/23,1288.25,2724.29,11711.71,1981.28,NaN,97.55,15.7027,21.026,15.3959,31.8,14.64375,14.66125,14.70313,15.18525,809.76,491.46,1390.4,102.77,NaN,NaN
4/26/23,1288.45,2724.49,11711.91,1981.48,NaN,97.75,15.9027,21.226,15.5959,32,14.84375,14.86125,14.90313,15.38525,809.96,491.66,1390.6,102.97,NaN,NaN
4/27/23,1288.65,2724.69,11712.11,1981.68,NaN,97.95,16.1027,21.426,15.7959,32.2,15.04375,15.06125,15.10313,15.58525,810.16,491.86,1390.8,103.17,NaN,NaN
4/28/23,1288.85,2724.89,11712.31,1981.88,NaN,98.15,16.3027,21.626,15.9959,32.4,15.24375,15.26125,15.30313,15.78525,810.36,492.06,1391,103.37,NaN,NaN
4/29/23,1289.05,2725.09,11712.51,1982.08,NaN,98.35,16.5027,21.826,16.1959,32.6,15.44375,15.46125,15.50313,15.98525,810.56,492.26,1391.2,103.57,NaN,NaN
4/30/23,1289.25,2725.29,11712.71,1982.28,NaN,98.55,16.7027,22.026,16.3959,32.8,15.64375,15.66125,15.70313,16.18525,810.76,492.46,1391.4,103.77,NaN,NaN
5/1/23,1289.45,2725.49,11712.91,1982.48,NaN,98.75,16.9027,22.226,16.5959,33,15.84375,15.86125,15.90313,16.38525,810.96,492.66,1391.6,103.97,NaN,NaN
5/2/23,1289.65,2725.69,11713.11,1982.68,NaN,98.95,17.1027,22.426,16.7959,33.2,16.04375,16.06125,16.10313,16.58525,811.16,492.86,1391.8,104.17,NaN,NaN
5/3/23,1289.85,2725.89,11713.31,1982.88,NaN,99.15,17.3027,22.626,16.9959,33.4,16.24375,16.26125,16.30313,16.78525,811.36,493.06,1392,104.37,NaN,NaN
5/4/23,1290.05,2726.09,11713.51,1983.08,NaN,99.35,17.5027,22.826,17.1959,33.6,16.44375,16.46125,16.50313,16.98525,811.56,493.26,1392.2,104.57,NaN,NaN
5/5/23,1290.25,2726.29,11713.71,1983.28,NaN,99.55,17.7027,23.026,17.3959,33.8,16.64375,16.66125,16.70313,17.18525,811.76,493.46,1392.4,104.77,NaN,NaN
5/6/23,1290.45,2726.49,11713.91,1983.48,NaN,99.75,17.9027,23.226,17.5959,34,16.84375,16.86125,16.90313,17.38525,811.96,493.66,1392.6,104.97,NaN,NaN
5/7/23,1290.65,2726.69,11714.11,1983.68,NaN,99.95,18.1027,23.426,17.7959,34.2,17.04375,17.06125,17.10313,17.58525,812.16,493.86,1392.8,105.17,NaN,NaN
5/8/23,1290.85,2726.89,11714.31,1983.88,NaN,100.15,18.3027,23.626,17.9959,34.4,17.24375,17.26125,17.30313,17.78525,812.36,494.06,1393,105.37,NaN,NaN
5/9/23,1291.05,2727.09,11714.51,1984.08,NaN,100.35,18.5027,23.826,18.1959,34.6,17.44375,17.46125,17.50313,17.98525,812.56,494.26,1393.2,105.57,NaN,NaN
5/10/23,1291.25,2727.29,11714.71,1984.28,NaN,100.55,18.7027,24.026,18.3959,34.8,17.64375,17.66125,17.70313,18.18525,812.76,494.46,1393.4,105.77,NaN,NaN
5/11/23,1291.45,2727.49,11714.91,1984.48,NaN,100.75,18.9027,24.226,18.5959,35,17.84375,17.86125,17.90313,18.38525,812.96,494.66,1393.6,105.97,NaN,NaN
5/12/23,1291.65,2727.69,11715.11,1984.68,NaN,100.95,19.1027,24.426,18.7959,35.2,18.04375,18.06125,18.10313,18.58525,813.16,494.86,1393.8,106.17,NaN,NaN
5/13/23,1291.85,2727.89,11715.31,1984.88,NaN,101.15,19.3027,24.626,18.9959,35.4,18.24375,18.26125,18.30313,18.78525,813.36,495.06,1394,106.37,NaN,NaN
5/14/23,1292.05,2728.09,11715.51,1985.08,NaN,101.35,19.5027,24.826,19.1959,35.6,18.44375,18.46125,18.50313,18.98525,813.56,495.26,1394.2,106.57,NaN,NaN
5/15/23,1292.25,2728.29,11715.71,1985.28,NaN,101.55,19.7027,25.026,19.3959,35.8,18.64375,18.66125,18.70313,19.18525,813.76,495.46,1394.4,106.77,NaN,NaN
5/16/23,1292.45,2728.49,11715.91,1985.48,NaN,101.75,19.9027,25.226,19.5959,36,18.84375,18.86125,18.90313,19.38525,813.96,495.66,1394.6,106.97,NaN,NaN
5/17/23,1292.65,2728.69,11716.11,1985.68,NaN,101.95,20.1027,25.426,19.7959,36.2,19.04375,19.06125,19.10313,19.58525,814.16,495.86,1394.8,107.17,NaN,NaN
5/18/23,1292.85,2728.89,11716.31,1985.88,NaN,102.15,20.3027,25.626,19.9959,36.4,19.24375,19.26125,19.30313,19.78525,814.36,496.06,1395,107.37,NaN,NaN
5/19/23,1293.05,2729.09,11716.51,1986.08,NaN,102.35,20.5027,25.826,20.1959,36.6,19.44375,19.46125,19.50313,19.98525,814.56,496.26,1395.2,107.57,NaN,NaN
5/20/23,1293.25,2729.29,11716.71,1986.28,NaN,102.55,20.7027,26.026,20.3959,36.8,19.64375,19.66125,19.70313,20.18525,814.76,496.46,1395.4,107.77,NaN,NaN
5/21/23,1293.45,2729.49,11716.91,1986.48,NaN,102.75,20.9027,26.226,20.5959,37,19.84375,19.86125,19.90313,20.38525,814.96,496.66,1395.6,107.97,NaN,NaN
5/22/23,1293.65,2729.69,11717.11,1986.68,NaN,102.95,21.1027,26.426,20.7959,37.2,20.04375,20.06125,20.10313,20.58525,815.16,496.86,1395.8,108.17,NaN,NaN
5/23/23,1293.85,2729.89,11717.31,1986.88,NaN,103.15,21.3027,26.626,20.9959,37.4,20.24375,20.26125,20.30313,20.78525,815.36,497.06,1396,108.37,NaN,NaN
5/24/23,1294.05,2730.09,11717.51,1987.08,NaN,103.35,21.5027,26.826,21.1959,37.6,20.44375,20.46125,20.50313,20.98525,815.56,497.26,1396.2,108.57,NaN,NaN
5/25/23,1294.25,2730.29,11717.71,1987.28,NaN,103.55,21.7027,27.026,21.3959,37.8,20.64375,20.66125,20.70313,21.18525,815.76,497.46,1396.4,108.77,NaN,NaN
5/26/23,1294.45,2730.49,11717.91,1987.48,NaN,103.75,21.9027,27.226,21.5959,38,20.84375,20.86125,20.90313,21.38525,815.96,497.66,1396.6,108.97,NaN,NaN
5/27/23,1294.65,2730.69,11718.11,1987.68,NaN,103.95,22.1027,27.426,21.7959,38.2,21.04375,21.06125,21.10313,21.58525,816.16,497.86,1396.8,109.17,NaN,NaN
5/28/23,1294.85,2730.89,11718.31,1987.88,NaN,104.15,22.3027,27.626,21.9959,38.4,21.24375,21.26125,21.30313,21.78525,816.36,498.06,1397,109.37,NaN,NaN
5/29/23,1295.05,2731.09,11718.51,1988.08,NaN,104.35,22.5027,27.826,22.1959,38.6,21.44375,21.46125,21.50313,21.98525,816.56,498.26,1397.2,109.57,NaN,NaN
5/30/23,1295.25,2731.29,11718.71,1988.28,NaN,104.55,22.7027,28.026,22.3959,38.8,21.64375,21.66125,21.70313,22.18525,816.76,498.46,1397.4,109.77,NaN,NaN
5/31/23,1295.45,2731.49,11718.91,1988.48,NaN,104.75,22.9027,28.226,22.5959,39,21.84375,21.86125,21.90313,22.38525,816.96,498.66,1397.6,109.97,NaN,NaN
6/1/23,1295.65,2731.69,11719.11,1988.68,NaN,104.95,23.1027,28.426,22.7959,39.2,22.04375,22.06125,22.10313,22.58525,817.16,498.86,1397.8,110.17,NaN,NaN
6/2/23,1295.85,2731.89,11719.31,1988.88,NaN,105.15,23.3027,28.626,22.9959,39.4,22.24375,22.26125,22.30313,22.78525,817.36,499.06,1398,110.37,NaN,NaN
6/3/23,1296.05,2732.09,11719.51,1989.08,NaN,105.35,23.5027,28.826,23.1959,39.6,22.44375,22.46125,22.50313,22.98525,817.56,499.26,1398.2,110.57,NaN,NaN
6/4/23,1296.25,2732.29,11719.71,1989.28,NaN,105.55,23.7027,29.026,23.3959,39.8,22.64375,22.66125,22.70313,23.18525,817.76,499.46,1398.4,110.77,NaN,NaN
6/5/23,1296.45,2732.49,11719.91,1989.48,NaN,105.75,23.9027,29.226,23.5959,40,22.84375,22.86125,22.90313,23.38525,817.96,499.66,1398.6,110.97,NaN,NaN
6/6/23,1296.65,2732.69,11720.11,1989.68,NaN,105.95,24.1027,29.426,23.7959,40.2,23.04375,23.06125,23.10313,23.58525,818.16,499.86,1398.8,111.17,NaN,NaN
6/7/23,1296.85,2732.89,11720.31,1989.88,NaN,106.15,24.3027,29.626,23.9959,40.4,23.24375,23.26125,23.30313,23.78525,818.36,500.06,1399,111.37,NaN,NaN
6/8/23,1297.05,2733.09,11720.51,1990.08,NaN,106.35,24.5027,29.826,24.1959,40.6,23.44375,23.46125,23.50313,23.98525,818.56,500.26,1399.2,111.57,NaN,NaN
6/9/23,1297.25,2733.29,11720.71,1990.28,NaN,106.55,24.7027,30.026,24.3959,40.8,23.64375,23.66125,23.70313,24.18525,818.76,500.46,1399.4,111.77,NaN,NaN
6/10/23,1297.45,2733.49,11720.91,1990.48,NaN,106.75,24.9027,30.226,24.5959,41,23.84375,23.86125,23.90313,24.38525,818.96,500.66,1399.6,111.97,NaN,NaN
6/11/23,1297.65,2733.69,11721.11,1990.68,NaN,106.95,25.1027,30.426,24.7959,41.2,24.04375,24.06125,24.10313,24.58525,819.16,500.86,1399.8,112.17,NaN,NaN
6/12/23,1297.85,2733.89,11721.31,1990.88,NaN,107.15,25.3027,30.626,24.9959,41.4,24.24375,24.26125,24.30313,24.78525,819.36,501.06,1400,112.37,NaN,NaN
6/13/23,1298.05,2734.09,11721.51,1991.08,NaN,107.35,25.5027,30.826,25.1959,41.6,24.44375,24.46125,24.50313,24.98525,819.56,501.26,1400.2,112.57,NaN,NaN
6/14/23,1298.25,2734.29,11721.71,1991.28,NaN,107.55,25.7027,31.026,25.3959,41.8,24.64375,24.66125,24.70313,25.18525,819.76,501.46,1400.4,112.77,NaN,NaN
6/15/23,1298.45,2734.49,11721.91,1991.48,NaN,107.75,25.9027,31.226,25.5959,42,24.84375,24.86125,24.90313,25.38525,819.96,501.66,1400.6,112.97,NaN,NaN
6/16/23,1298.65,2734.69,11722.11,1991.68,NaN,107.95,26.1027,31.426,25.7959,42.2,25.04375,25.06125,25.10313,25.58525,820.16,501.86,1400.8,113.17,NaN,NaN
6/17/23,1298.85,2734.89,11722.31,1991.88,NaN,108.15,26.3027,31.626,25.9959,42.4,25.24375,25.26125,25.30313,25.78525,820.36,502.06,1401,113.37,NaN,NaN
6/18/23,1299.05,2735.09,11722.51,1992.08,NaN,108.35,26.5027,31.826,26.1959,42.6,25.44375,25.46125,25.50313,25.98525,820.56,502.26,1401.2,113.57,NaN,NaN
6/19/23,1299.25,2735.29,11722.71,1992.28,NaN,108.55,26.7027,32.026,26.3959,42.8,25.64375,25.66125,25.70313,26.18525,820.76,502.46,1401.4,113.77,NaN,NaN
6/20/23,1299.45,2735.49,11722.91,1992.48,NaN,108.75,26.9027,32.226,26.5959,43,25.84375,25.86125,25.90313,26.38525,820.96,502.66,1401.6,113.97,NaN,NaN
6/21/23,1299.65,2735.69,11723.11,1992.68,NaN,108.95,27.1027,32.426,26.7959,43.2,26.04375,26.06125,26.10313,26.58525,821.16,502.86,1401.8,114.17,NaN,NaN
6/22/23,1299.85,2735.89,11723.31,1992.88,NaN,109.15,27.3027,32.626,26.9959,43.4,26.24375,26.26125,26.30313,26.78525,821.36,503.06,1402,114.37,NaN,NaN
6/23/23,1300.05,2736.09,11723.51,1993.08,NaN,109.35,27.5027,32.826,27.1959,43.6,26.44375,26.46125,26.50313,26.98525,821.56,503.26,1402.2,114.57,NaN,NaN
6/24/23,1300.25,2736.29,11723.71,1993.28,NaN,109.55,27.7027,33.026,27.3959,43.8,26.64375,26.66125,26.70313,27.18525,821.76,503.46,1402.4,114.77,NaN,NaN
6/25/23,1300.45,2736.49,11723.91,1993.48,NaN,109.75,27.9027,33.226,27.5959,44,26.84375,26.86125,26.90313,27.38525,821.96,503.66,1402.6,114.97,NaN,NaN
6/26/23,1300.65,2736.69,11724.11,1993.68,NaN,109.95,28.1027,33.426,27.7959,44.2,27.04375,27.06125,27.10313,27.58525,822.16,503.86,1402.8,115.17,NaN,NaN
6/27/23,1300.85,2736.89,11724.31,1993.88,NaN,110.15,28.3027,33.626,27.9959,44.4,27.24375,27.26125,27.30313,27.78525,822.36,504.06,1403,115.37,NaN,NaN
6/28/23,1301.05,2737.09,11724.51,1994.08,NaN,110.35,28.5027,33.826,28.1959,44.6,27.44375,27.46125,27.50313,27.98525,822.56,504.26,1403.2,115.57,NaN,NaN
6/29/23,1301.25,2737.29,11724.71,1994.28,NaN,110.55,28.7027,34.026,28.3959,44.8,27.64375,27.66125,27.70313,28.18525,822.76,504.46,1403.4,115.77,NaN,NaN
6/30/23,1301.45,2737.49,11724.91,1994.48,NaN,110.75,28.9027,34.226,28.5959,45,27.84375,27.86125,27.90313,28.38525,822.96,504.66,1403.6,115.97,NaN,NaN
7/1/23,1301.65,2737.69,11725.11,1994.68,NaN,110.95,29.1027,34.426,28.7959,45.2,28.04375,28.06125,28.10313,28.58525,823.16,504.86,1403.8,116.17,NaN,NaN
7/2/23,1301.85,2737.89,11725.31,1994.88,NaN,111.15,29.3027,34.626,28.9959,45.4,28.24375,28.26125,28.30313,28.78525,823.36,505.06,1404,116.37,NaN,NaN
7/3/23,1302.05,2738.09,11725.51,1995.08,NaN,111.35,29.5027,34.826,29.1959,45.6,28.44375,28.46125,28.50313,28.98525,823.56,505.26,1404.2,116.57,NaN,NaN
7/4/23,1302.25,2738.29,11725.71,1995.28,NaN,111.55,29.7027,35.026,29.3959,45.8,28.64375,28.66125,28.70313,29.18525,823.76,505.46,1404.4,116.77,NaN,NaN
7/5/23,1302.45,2738.49,11725.91,1995.48,NaN,111.75,29.9027,35.226,29.5959,46,28.84375,28.86125,28.90313,29.38525,823.96,505.66,1404.6,116.97,NaN,NaN
7/6/23,1302.65,2738.69,11726.11,1995.68,NaN,111.95,30.1027,35.426,29.7959,46.2,29.04375,29.06125,29.10313,29.58525,824.16,505.86,1404.8,117.17,NaN,NaN
7/7/23,1302.85,2738.89,11726.31,1995.88,NaN,112.15,30.3027,35.626,29.9959,46.4,29.24375,29.26125,29.30313,29.78525,824.36,506.06,1405,117.37,NaN,NaN
7/8/23,1303.05,2739.09,11726.51,1996.08,NaN,112.35,30.5027,35.826,30.1959,46.6,29.44375,29.46125,29.50313,29.98525,824.56,506.26,1405.2,117.57,NaN,NaN
7/9/23,1303.25,2739.29,11726.71,1996.28,NaN,112.55,30.7027,36.026,30.3959,46.8,29.64375,29.66125,29.70313,30.18525,824.76,506.46,1405.4,117.77,NaN,NaN
7/10/23,1303.45,2739.49,11726.91,1996.48,NaN,112.75,30.9027,36.226,30.5959,47,29.84375,29.86125,29.90313,30.38525,824.96,506.66,1405.6,117.97,NaN,NaN
7/11/23,1303.65,2739.69,11727.11,1996.68,NaN,112.95,31.1027,36.426,30.7959,47.2,30.04375,30.06125,30.10313,30.58525,825.16,506.86,1405.8,118.17,NaN,NaN
7/12/23,1303.85,2739.89,11727.31,1996.88,NaN,113.15,31.3027,36.626,30.9959,47.4,30.24375,30.26125,30.30313,30.78525,825.36,507.06,1406,118.37,NaN,NaN
7/13/23,1304.05,2740.09,11727.51,1997.08,NaN,113.35,31.5027,36.826,31.1959,47.6,30.44375,30.46125,30.50313,30.98525,825.56,507.26,1406.2,118.57,NaN,NaN
7/14/23,1304.25,2740.29,11727.71,1997.28,NaN,113.55,31.7027,37.026,31.3959,47.8,30.64375,30.66125,30.70313,31.18525,825.76,507.46,1406.4,118.77,NaN,NaN
7/15/23,1304.45,2740.49,11727.91,1997.48,NaN,113.75,31.9027,37.226,31.5959,48,30.84375,30.86125,30.90313,31.38525,825.96,507.66,1406.6,118.97,NaN,NaN
7/16/23,1304.65,2740.69,11728.11,1997.68,NaN,113.95,32.1027,37.426,31.7959,48.2,31.04375,31.06125,31.10313,31.58525,826.16,507.86,1406.8,119.17,NaN,NaN
7/17/23,1304.85,2740.89,11728.31,1997.88,NaN,114.15,32.3027,37.626,31.9959,48.4,31.24375,31.26125,31.30313,31.78525,826.36,508.06,1407,119.37,NaN,NaN
7/18/23,1305.05,2741.09,11728.51,1998.08,NaN,114.35,32.5027,37.826,32.1959,48.6,31.44375,31.46125,31.50313,31.98525,826.56,508.26,1407.2,119.57,NaN,NaN
7/19/23,1305.25,2741.29,11728.71,1998.28,NaN,114.55,32.7027,38.026,32.3959,48.8,31.64375,31.66125,31.70313,32.18525,826.76,508.46,1407.4,119.77,NaN,NaN
7/20/23,1305.45,2741.49,11728.91,1998.48,NaN,114.75,32.9027,38.226,32.5959,49,31.84375,31.86125,31.90313,32.38525,826.96,508.66,1407.6,119.97,NaN,NaN
7/21/23,1305.65,2741.69,11729.11,1998.68,NaN,114.95,33.1027,38.426,32.7959,49.2,32.04375,32.06125,32.10313,32.58525,827.16,508.86,1407.8,120.17,NaN,NaN
7/22/23,1305.85,2741.89,11729.31,1998.88,NaN,115.15,33.3027,38.626,32.9959,49.4,32.24375,32.26125,32.30313,32.78525,827.36,509.06,1408,120.37,NaN,NaN
7/23/23,1306.05,2742.09,11729.51,1999.08,NaN,115.35,33.5027,38.826,33.1959,49.6,32.44375,32.46125,32.50313,32.98525,827.56,509.26,1408.2,120.57,NaN,NaN
7/24/23,1306.25,2742.29,11729.71,1999.28,NaN,115.55,33.7027,39.026,33.3959,49.8,32.64375,32.66125,32.70313,33.18525,827.76,509.46,1408.4,120.77,NaN,NaN
7/25/23,1306.45,2742.49,11729.91,1999.48,NaN,115.75,33.9027,39.226,33.5959,50,32.84375,32.86125,32.90313,33.38525,827.96,509.66,1408.6,120.97,NaN,NaN
7/26/23,1306.65,2742.69,11730.11,1999.68,NaN,115.95,34.1027,39.426,33.7959,50.2,33.04375,33.06125,33.10313,33.58525,828.16,509.86,1408.8,121.17,NaN,NaN
7/27/23,1306.85,2742.89,11730.31,1999.88,NaN,116.15,34.3027,39.626,33.9959,50.4,33.24375,33.26125,33.30313,33.78525,828.36,510.06,1409,121.37,NaN,NaN
7/28/23,1307.05,2743.09,11730.51,2000.08,NaN,116.35,34.5027,39.826,34.1959,50.6,33.44375,33.46125,33.50313,33.98525,828.56,510.26,1409.2,121.57,NaN,NaN
7/29/23,1307.25,2743.29,11730.71,2000.28,NaN,116.55,34.7027,40.026,34.3959,50.8,33.64375,33.66125,33.70313,34.18525,828.76,510.46,1409.4,121.77,NaN,NaN
7/30/23,1307.45,2743.49,11730.91,2000.48,NaN,116.75,34.9027,40.226,34.5959,51,33.84375,33.86125,33.90313,34.38525,828.96,510.66,1409.6,121.97,NaN,NaN
7/31/23,1307.65,2743.69,11731.11,2000.68,NaN,116.95,35.1027,40.426,34.7959,51.2,34.04375,34.06125,34.10313,34.58525,829.16,510.86,1409.8,122.17,NaN,NaN
8/1/23,1307.85,2743.89,11731.31,2000.88,NaN,117.15,35.3027,40.626,34.9959,51.4,34.24375,34.26125,34.30313,34.78525,829.36,511.06,1410,122.37,NaN,NaN
8/2/23,1308.05,2744.09,11731.51,2001.08,NaN,117.35,35.5027,40.826,35.1959,51.6,34.44375,34.46125,34.50313,34.98525,829.56,511.26,1410.2,122.57,NaN,NaN
8/3/23,1308.25,2744.29,11731.71,2001.28,NaN,117.55,35.7027,41.026,35.3959,51.8,34.64375,34.66125,34.70313,35.18525,829.76,511.46,1410.4,122.77,NaN,NaN
8/4/23,1308.45,2744.49,11731.91,2001.48,NaN,117.75,35.9027,41.226,35.5959,52,34.84375,34.86125,34.90313,35.38525,829.96,511.66,1410.6,122.97,NaN,NaN
8/5/23,1308.65,2744.69,11732.11,2001.68,NaN,117.95,36.1027,41.426,35.7959,52.2,35.04375,35.06125,35.10313,35.58525,830.16,511.86,1410.8,123.17,NaN,NaN
8/6/23,1308.85,2744.89,11732.31,2001.88,NaN,118.15,36.3027,41.626,35.9959,52.4,35.24375,35.26125,35.30313,35.78525,830.36,512.06,1411,123.37,NaN,NaN
8/7/23,1309.05,2745.09,11732.51,2002.08,NaN,118.35,36.5027,41.826,36.1959,52.6,35.44375,35.46125,35.50313,35.98525,830.56,512.26,1411.2,123.57,NaN,NaN
8/8/23,1309.25,2745.29,11732.71,2002.28,NaN,118.55,36.7027,42.026,36.3959,52.8,35.64375,35.66125,35.70313,36.18525,830.76,512.46,1411.4,123.77,NaN,NaN
8/9/23,1309.45,2745.49,11732.91,2002.48,NaN,118.75,36.9027,42.226,36.5959,53,35.84375,35.86125,35.90313,36.38525,830.96,512.66,1411.6,123.97,NaN,NaN
8/10/23,1309.65,2745.69,11733.11,2002.68,NaN,118.95,37.1027,42.426,36.7959,53.2,36.04375,36.06125,36.10313,36.58525,831.16,512.86,1411.8,124.17,NaN,NaN
8/11/23,1309.85,2745.89,11733.31,2002.88,NaN,119.15,37.3027,42.626,36.9959,53.4,36.24375,36.26125,36.30313,36.78525,831.36,513.06,1412,124.37,NaN,NaN
8/12/23,1310.05,2746.09,11733.51,2003.08,NaN,119.35,37.5027,42.826,37.1959,53.6,36.44375,36.46125,36.50313,36.98525,831.56,513.26,1412.2,124.57,NaN,NaN
8/13/23,1310.25,2746.29,11733.71,2003.28,NaN,119.55,37.7027,43.026,37.3959,53.8,36.64375,36.66125,36.70313,37.18525,831.76,513.46,1412.4,124.77,NaN,NaN
8/14/23,1310.45,2746.49,11733.91,2003.48,NaN,119.75,37.9027,43.226,37.5959,54,36.84375,36.86125,36.90313,37.38525,831.96,513.66,1412.6,124.97,NaN,NaN
8/15/23,1310.65,2746.69,11734.11,2003.68,NaN,119.95,38.1027,43.426,37.7959,54.2,37.04375,37.06125,37.10313,37.58525,832.16,513.86,1412.8,125.17,NaN,NaN
8/16/23,1310.85,2746.89,11734.31,2003.88,NaN,120.15,38.3027,43.626,37.9959,54.4,37.24375,37.26125,37.30313,37.78525,832.36,514.06,1413,125.37,NaN,NaN
8/17/23,1311.05,2747.09,11734.51,2004.08,NaN,120.35,38.5027,43.826,38.1959,54.6,37.44375,37.46125,37.50313,37.98525,832.56,514.26,1413.2,125.57,NaN,NaN
8/18/23,1311.25,2747.29,11734.71,2004.28,NaN,120.55,38.7027,44.026,38.3959,54.8,37.64375,37.66125,37.70313,38.18525,832.76,514.46,1413.4,125.77,NaN,NaN
8/19/23,1311.45,2747.49,11734.91,2004.48,NaN,120.75,38.9027,44.226,38.5959,55,37.84375,37.86125,37.90313,38.38525,832.96,514.66,1413.6,125.97,NaN,NaN
8/20/23,1311.65,2747.69,11735.11,2004.68,NaN,120.95,39.1027,44.426,38.7959,55.2,38.04375,38.06125,38.10313,38.58525,833.16,514.86,1413.8,126.17,NaN,NaN
8/21/23,1311.85,2747.89,11735.31,2004.88,NaN,121.15,39.3027,44.626,38.9959,55.4,38.24375,38.26125,38.30313,38.78525,833.36,515.06,1414,126.37,NaN,NaN
8/22/23,1312.05,2748.09,11735.51,2005.08,NaN,121.35,39.5027,44.826,39.1959,55.6,38.44375,38.46125,38.50313,38.98525,833.56,515.26,1414.2,126.57,NaN,NaN
8/23/23,1312.25,2748.29,11735.71,2005.28,NaN,121.55,39.7027,45.026,39.3959,55.8,38.64375,38.66125,38.70313,39.18525,833.76,515.46,1414.4,126.77,NaN,NaN
8/24/23,1312.45,2748.49,11735.91,2005.48,NaN,121.75,39.9027,45.226,39.5959,56,38.84375,38.86125,38.90313,39.38525,833.96,515.66,1414.6,126.97,NaN,NaN
8/25/23,1312.65,2748.69,11736.11,2005.68,NaN,121.95,40.1027,45.426,39.7959,56.2,39.04375,39.06125,39.10313,39.58525,834.16,515.86,1414.8,127.17,NaN,NaN
8/26/23,1312.85,2748.89,11736.31,2005.88,NaN,122.15,40.3027,45.626,39.9959,56.4,39.24375,39.26125,39.30313,39.78525,834.36,516.06,1415,127.37,NaN,NaN
8/27/23,1313.05,2749.09,11736.51,2006.08,NaN,122.35,40.5027,45.826,40.1959,56.6,39.44375,39.46125,39.50313,39.98525,834.56,516.26,1415.2,127.57,NaN,NaN
8/28/23,1313.25,2749.29,11736.71,2006.28,NaN,122.55,40.7027,46.026,40.3959,56.8,39.64375,39.66125,39.70313,40.18525,834.76,516.46,1415.4,127.77,NaN,NaN
8/29/23,1313.45,2749.49,11736.91,2006.48,NaN,122.75,40.9027,46.226,40.5959,57,39.84375,39.86125,39.90313,40.38525,834.96,516.66,1415.6,127.97,NaN,NaN
8/30/23,1313.65,2749.69,11737.11,2006.68,NaN,122.95,41.1027,46.426,40.7959,57.2,40.04375,40.06125,40.10313,40.58525,835.16,516.86,1415.8,128.17,NaN,NaN
8/31/23,1313.85,2749.89,11737.31,2006.88,NaN,123.15,41.3027,46.626,40.9959,57.4,40.24375,40.26125,40.30313,40.78525,835.36,517.06,1416,128.37,NaN,NaN
9/1/23,1314.05,2750.09,11737.51,2007.08,NaN,123.35,41.5027,46.826,41.1959,57.6,40.44375,40.46125,40.50313,40.98525,835.56,517.26,1416.2,128.57,NaN,NaN
9/2/23,1314.25,2750.29,11737.71,2007.28,NaN,123.55,41.7027,47.026,41.3959,57.8,40.64375,40.66125,40.70313,41.18525,835.76,517.46,1416.4,128.77,NaN,NaN
9/3/23,1314.45,2750.49,11737.91,2007.48,NaN,123.75,41.9027,47.226,41.5959,58,40.84375,40.86125,40.90313,41.38525,835.96,517.66,1416.6,128.97,NaN,NaN
9/4/23,1314.65,2750.69,11738.11,2007.68,NaN,123.95,42.1027,47.426,41.7959,58.2,41.04375,41.06125,41.10313,41.58525,836.16,517.86,1416.8,129.17,NaN,NaN
9/5/23,1314.85,2750.89,11738.31,2007.88,NaN,124.15,42.3027,47.626,41.9959,58.4,41.24375,41.26125,41.30313,41.78525,836.36,518.06,1417,129.37,NaN,NaN
9/6/23,1315.05,2751.09,11738.51,2008.08,NaN,124.35,42.5027,47.826,42.1959,58.6,41.44375,41.46125,41.50313,41.98525,836.56,518.26,1417.2,129.57,NaN,NaN
9/7/23,1315.25,2751.29,11738.71,2008.28,NaN,124.55,42.7027,48.026,42.3959,58.8,41.64375,41.66125,41.70313,42.18525,836.76,518.46,1417.4,129.77,NaN,NaN
9/8/23,1315.45,2751.49,11738.91,2008.48,NaN,124.75,42.9027,48.226,42.5959,59,41.84375,41.86125,41.90313,42.38525,836.96,518.66,1417.6,129.97,NaN,NaN
9/9/23,1315.65,2751.69,11739.11,2008.68,NaN,124.95,43.1027,48.426,42.7959,59.2,42.04375,42.06125,42.10313,42.58525,837.16,518.86,1417.8,130.17,NaN,NaN
9/10/23,1315.85,2751.89,11739.31,2008.88,NaN,125.15,43.3027,48.626,42.9959,59.4,42.24375,42.26125,42.30313,42.78525,837.36,519.06,1418,130.37,NaN,NaN
9/11/23,1316.05,2752.09,11739.51,2009.08,NaN,125.35,43.5027,48.826,43.1959,59.6,42.44375,42.46125,42.50313,42.98525,837.56,519.26,1418.2,130.57,NaN,NaN
9/12/23,1316.25,2752.29,11739.71,2009.28,NaN,125.55,43.7027,49.026,43.3959,59.8,42.64375,42.66125,42.70313,43.18525,837.76,519.46,1418.4,130.77,NaN,NaN
9/13/23,1316.45,2752.49,11739.91,2009.48,NaN,125.75,43.9027,49.226,43.5959,60,42.84375,42.86125,42.90313,43.38525,837.96,519.66,1418.6,130.97,NaN,NaN
9/14/23,1316.65,2752.69,11740.11,2009.68,NaN,125.95,44.1027,49.426,43.7959,60.2,43.04375,43.06125,43.10313,43.58525,838.16,519.86,1418.8,131.17,NaN,NaN
9/15/23,1316.85,2752.89,11740.31,2009.88,NaN,126.15,44.3027,49.626,43.9959,60.4,43.24375,43.26125,43.30313,43.78525,838.36,520.06,1419,131.37,NaN,NaN
9/16/23,1317.05,2753.09,11740.51,2010.08,NaN,126.35,44.5027,49.826,44.1959,60.6,43.44375,43.46125,43.50313,43.98525,838.56,520.26,1419.2,131.57,NaN,NaN
9/17/23,1317.25,2753.29,11740.71,2010.28,NaN,126.55,44.7027,50.026,44.3959,60.8,43.64375,43.66125,43.70313,44.18525,838.76,520.46,1419.4,131.77,NaN,NaN
9/18/23,1317.45,2753.49,11740.91,2010.48,NaN,126.75,44.9027,50.226,44.5959,61,43.84375,43.86125,43.90313,44.38525,838.96,520.66,1419.6,131.97,NaN,NaN
9/19/23,1317.65,2753.69,11741.11,2010.68,NaN,126.95,45.1027,50.426,44.7959,61.2,44.04375,44.06125,44.10313,44.58525,839.16,520.86,1419.8,132.17,NaN,NaN
9/20/23,1317.85,2753.89,11741.31,2010.88,NaN,127.15,45.3027,50.626,44.9959,61.4,44.24375,44.26125,44.30313,44.78525,839.36,521.06,1420,132.37,NaN,NaN
9/21/23,1318.05,2754.09,11741.51,2011.08,NaN,127.35,45.5027,50.826,45.1959,61.6,44.44375,44.46125,44.50313,44.98525,839.56,521.26,1420.2,132.57,NaN,NaN
9/22/23,1318.25,2754.29,11741.71,2011.28,NaN,127.55,45.7027,51.026,45.3959,61.8,44.64375,44.66125,44.70313,45.18525,839.76,521.46,1420.4,132.77,NaN,NaN
9/23/23,1318.45,2754.49,11741.91,2011.48,NaN,127.75,45.9027,51.226,45.5959,62,44.84375,44.86125,44.90313,45.38525,839.96,521.66,1420.6,132.97,NaN,NaN
9/24/23,1318.65,2754.69,11742.11,2011.68,NaN,127.95,46.1027,51.426,45.7959,62.2,45.04375,45.06125,45.10313,45.58525,840.16,521.86,1420.8,133.17,NaN,NaN
9/25/23,1318.85,2754.89,11742.31,2011.88,NaN,128.15,46.3027,51.626,45.9959,62.4,45.24375,45.26125,45.30313,45.78525,840.36,522.06,1421,133.37,NaN,NaN
9/26/23,1319.05,2755.09,11742.51,2012.08,NaN,128.35,46.5027,51.826,46.1959,62.6,45.44375,45.46125,45.50313,45.98525,840.56,522.26,1421.2,133.57,NaN,NaN
9/27/23,1319.25,2755.29,11742.71,2012.28,NaN,128.55,46.7027,52.026,46.3959,62.8,45.64375,45.66125,45.70313,46.18525,840.76,522.46,1421.4,133.77,NaN,NaN
9/28/23,1319.45,2755.49,11742.91,2012.48,NaN,128.75,46.9027,52.226,46.5959,63,45.84375,45.86125,45.90313,46.38525,840.96,522.66,1421.6,133.97,NaN,NaN
9/29/23,1319.65,2755.69,11743.11,2012.68,NaN,128.95,47.1027,52.426,46.7959,63.2,46.04375,46.06125,46.10313,46.58525,841.16,522.86,1421.8,134.17,NaN,NaN
9/30/23,1319.85,2755.89,11743.31,2012.88,NaN,129.15,47.3027,52.626,46.9959,63.4,46.24375,46.26125,46.30313,46.78525,841.36,523.06,1422,134.37,NaN,NaN
10/1/23,1320.05,2756.09,11743.51,2013.08,NaN,129.35,47.5027,52.826,47.1959,63.6,46.44375,46.46125,46.50313,46.98525,841.56,523.26,1422.2,134.57,NaN,NaN
10/2/23,1320.25,2756.29,11743.71,2013.28,NaN,129.55,47.7027,53.026,47.3959,63.8,46.64375,46.66125,46.70313,47.18525,841.76,523.46,1422.4,134.77,NaN,NaN
10/3/23,1320.45,2756.49,11743.91,2013.48,NaN,129.75,47.9027,53.226,47.5959,64,46.84375,46.86125,46.90313,47.38525,841.96,523.66,1422.6,134.97,NaN,NaN
10/4/23,1320.65,2756.69,11744.11,2013.68,NaN,129.95,48.1027,53.426,47.7959,64.2,47.04375,47.06125,47.10313,47.58525,842.16,523.86,1422.8,135.17,NaN,NaN
10/5/23,1320.85,2756.89,11744.31,2013.88,NaN,130.15,48.3027,53.626,47.9959,64.4,47.24375,47.26125,47.30313,47.78525,842.36,524.06,1423,135.37,NaN,NaN
10/6/23,1321.05,2757.09,11744.51,2014.08,NaN,130.35,48.5027,53.826,48.1959,64.6,47.44375,47.46125,47.50313,47.98525,842.56,524.26,1423.2,135.57,NaN,NaN
10/7/23,1321.25,2757.29,11744.71,2014.28,NaN,130.55,48.7027,54.026,48.3959,64.8,47.64375,47.66125,47.70313,48.18525,842.76,524.46,1423.4,135.77,NaN,NaN
10/8/23,1321.45,2757.49,11744.91,2014.48,NaN,130.75,48.9027,54.226,48.5959,65,47.84375,47.86125,47.90313,48.38525,842.96,524.66,1423.6,135.97,NaN,NaN
10/9/23,1321.65,2757.69,11745.11,2014.68,NaN,130.95,49.1027,54.426,48.7959,65.2,48.04375,48.06125,48.10313,48.58525,843.16,524.86,1423.8,136.17,NaN,NaN
10/10/23,1321.85,2757.89,11745.31,2014.88,NaN,131.15,49.3027,54.626,48.9959,65.4,48.24375,48.26125,48.30313,48.78525,843.36,525.06,1424,136.37,NaN,NaN
10/11/23,1322.05,2758.09,11745.51,2015.08,NaN,131.35,49.5027,54.826,49.1959,65.6,48.44375,48.46125,48.50313,48.98525,843.56,525.26,1424.2,136.57,NaN,NaN
10/12/23,1322.25,2758.29,11745.71,2015.28,NaN,131.55,49.7027,55.026,49.3959,65.8,48.64375,48.66125,48.70313,49.18525,843.76,525.46,1424.4,136.77,NaN,NaN
10/13/23,1322.45,2758.49,11745.91,2015.48,NaN,131.75,49.9027,55.226,49.5959,66,48.84375,48.86125,48.90313,49.38525,843.96,525.66,1424.6,136.97,NaN,NaN
10/14/23,1322.65,2758.69,11746.11,2015.68,NaN,131.95,50.1027,55.426,49.7959,66.2,49.04375,49.06125,49.10313,49.58525,844.16,525.86,1424.8,137.17,NaN,NaN
10/15/23,1322.85,2758.89,11746.31,2015.88,NaN,132.15,50.3027,55.626,49.9959,66.4,49.24375,49.26125,49.30313,49.78525,844.36,526.06,1425,137.37,NaN,NaN
10/16/23,1323.05,2759.09,11746.51,2016.08,NaN,132.35,50.5027,55.826,50.1959,66.6,49.44375,49.46125,49.50313,49.98525,844.56,526.26,1425.2,137.57,NaN,NaN
10/17/23,1323.25,2759.29,11746.71,2016.28,NaN,132.55,50.7027,56.026,50.3959,66.8,49.64375,49.66125,49.70313,50.18525,844.76,526.46,1425.4,137.77,NaN,NaN
10/18/23,1323.45,2759.49,11746.91,2016.48,NaN,132.75,50.9027,56.226,50.5959,67,49.84375,49.86125,49.90313,50.38525,844.96,526.66,1425.6,137.97,NaN,NaN
10/19/23,1323.65,2759.69,11747.11,2016.68,NaN,132.95,51.1027,56.426,50.7959,67.2,50.04375,50.06125,50.10313,50.58525,845.16,526.86,1425.8,138.17,NaN,NaN
10/20/23,1323.85,2759.89,11747.31,2016.88,NaN,133.15,51.3027,56.626,50.9959,67.4,50.24375,50.26125,50.30313,50.78525,845.36,527.06,1426,138.37,NaN,NaN
10/21/23,1324.05,2760.09,11747.51,2017.08,NaN,133.35,51.5027,56.826,51.1959,67.6,50.44375,50.46125,50.50313,50.98525,845.56,527.26,1426.2,138.57,NaN,NaN
10/22/23,1324.25,2760.29,11747.71,2017.28,NaN,133.55,51.7027,57.026,51.3959,67.8,50.64375,50.66125,50.70313,51.18525,845.76,527.46,1426.4,138.77,NaN,NaN
10/23/23,1324.45,2760.49,11747.91,2017.48,NaN,133.75,51.9027,57.226,51.5959,68,50.84375,50.86125,50.90313,51.38525,845.96,527.66,1426.6,138.97,NaN,NaN
10/24/23,1324.65,2760.69,11748.11,2017.68,NaN,133.95,52.1027,57.426,51.7959,68.2,51.04375,51.06125,51.10313,51.58525,846.16,527.86,1426.8,139.17,NaN,NaN
10/25/23,1324.85,2760.89,11748.31,2017.88,NaN,134.15,52.3027,57.626,51.9959,68.4,51.24375,51.26125,51.30313,51.78525,846.36,528.06,1427,139.37,NaN,NaN
10/26/23,1325.05,2761.09,11748.51,2018.08,NaN,134.35,52.5027,57.826,52.1959,68.6,51.44375,51.46125,51.50313,51.98525,846.56,528.26,1427.2,139.57,NaN,NaN
10/27/23,1325.25,2761.29,11748.71,2018.28,NaN,134.55,52.7027,58.026,52.3959,68.8,51.64375,51.66125,51.70313,52.18525,846.76,528.46,1427.4,139.77,NaN,NaN
10/28/23,1325.45,2761.49,11748.91,2018.48,NaN,134.75,52.9027,58.226,52.5959,69,51.84375,51.86125,51.90313,52.38525,846.96,528.66,1427.6,139.97,NaN,NaN
10/29/23,1325.65,2761.69,11749.11,2018.68,NaN,134.95,53.1027,58.426,52.7959,69.2,52.04375,52.06125,52.10313,52.58525,847.16,528.86,1427.8,140.17,NaN,NaN
10/30/23,1325.85,2761.89,11749.31,2018.88,NaN,135.15,53.3027,58.626,52.9959,69.4,52.24375,52.26125,52.30313,52.78525,847.36,529.06,1428,140.37,NaN,NaN
10/31/23,1326.05,2762.09,11749.51,2019.08,NaN,135.35,53.5027,58.826,53.1959,69.6,52.44375,52.46125,52.50313,52.98525,847.56,529.26,1428.2,140.57,NaN,NaN
11/1/23,1326.25,2762.29,11749.71,2019.28,NaN,135.55,53.7027,59.026,53.3959,69.8,52.64375,52.66125,52.70313,53.18525,847.76,529.46,1428.4,140.77,NaN,NaN
11/2/23,1326.45,2762.49,11749.91,2019.48,NaN,135.75,53.9027,59.226,53.5959,70,52.84375,52.86125,52.90313,53.38525,847.96,529.66,1428.6,140.97,NaN,NaN
11/3/23,1326.65,2762.69,11750.11,2019.68,NaN,135.95,54.1027,59.426,53.7959,70.2,53.04375,53.06125,53.10313,53.58525,848.16,529.86,1428.8,141.17,NaN,NaN
11/4/23,1326.85,2762.89,11750.31,2019.88,NaN,136.15,54.3027,59.626,53.9959,70.4,53.24375,53.26125,53.30313,53.78525,848.36,530.06,1429,141.37,NaN,NaN
11/5/23,1327.05,2763.09,11750.51,2020.08,NaN,136.35,54.5027,59.826,54.1959,70.6,53.44375,53.46125,53.50313,53.98525,848.56,530.26,1429.2,141.57,NaN,NaN
11/6/23,1327.25,2763.29,11750.71,2020.28,NaN,136.55,54.7027,60.026,54.3959,70.8,53.64375,53.66125,53.70313,54.18525,848.76,530.46,1429.4,141.77,NaN,NaN
11/7/23,1327.45,2763.49,11750.91,2020.48,NaN,136.75,54.9027,60.226,54.5959,71,53.84375,53.86125,53.90313,54.38525,848.96,530.66,1429.6,141.97,NaN,NaN
11/8/23,1327.65,2763.69,11751.11,2020.68,NaN,136.95,55.1027,60.426,54.7959,71.2,54.04375,54.06125,54.10313,54.58525,849.16,530.86,1429.8,142.17,NaN,NaN
11/9/23,1327.85,2763.89,11751.31,2020.88,NaN,137.15,55.3027,60.626,54.9959,71.4,54.24375,54.26125,54.30313,54.78525,849.36,531.06,1430,142.37,NaN,NaN
11/10/23,1328.05,2764.09,11751.51,2021.08,NaN,137.35,55.5027,60.826,55.1959,71.6,54.44375,54.46125,54.50313,54.98525,849.56,531.26,1430.2,142.57,NaN,NaN
11/11/23,1328.25,2764.29,11751.71,2021.28,NaN,137.55,55.7027,61.026,55.3959,71.8,54.64375,54.66125,54.70313,55.18525,849.76,531.46,1430.4,142.77,NaN,NaN
11/12/23,1328.45,2764.49,11751.91,2021.48,NaN,137.75,55.9027,61.226,55.5959,72,54.84375,54.86125,54.90313,55.38525,849.96,531.66,1430.6,142.97,NaN,NaN
11/13/23,1328.65,2764.69,11752.11,2021.68,NaN,137.95,56.1027,61.426,55.7959,72.2,55.04375,55.06125,55.10313,55.58525,850.16,531.86,1430.8,143.17,NaN,NaN
11/14/23,1328.85,2764.89,11752.31,2021.88,NaN,138.15,56.3027,61.626,55.9959,72.4,55.24375,55.26125,55.30313,55.78525,850.36,532.06,1431,143.37,NaN,NaN
11/15/23,1329.05,2765.09,11752.51,2022.08,NaN,138.35,56.5027,61.826,56.1959,72.6,55.44375,55.46125,55.50313,55.98525,850.56,532.26,1431.2,143.57,NaN,NaN
11/16/23,1329.25,2765.29,11752.71,2022.28,NaN,138.55,56.7027,62.026,56.3959,72.8,55.64375,55.66125,55.70313,56.18525,850.76,532.46,1431.4,143.77,NaN,NaN
11/17/23,1329.45,2765.49,11752.91,2022.48,NaN,138.75,56.9027,62.226,56.5959,73,55.84375,55.86125,55.90313,56.38525,850.96,532.66,1431.6,143.97,NaN,NaN
11/18/23,1329.65,2765.69,11753.11,2022.68,NaN,138.95,57.1027,62.426,56.7959,73.2,56.04375,56.06125,56.10313,56.58525,851.16,532.86,1431.8,144.17,NaN,NaN
11/19/23,1329.85,2765.89,11753.31,2022.88,NaN,139.15,57.3027,62.626,56.9959,73.4,56.24375,56.26125,56.30313,56.78525,851.36,533.06,1432,144.37,NaN,NaN
11/20/23,1330.05,2766.09,11753.51,2023.08,NaN,139.35,57.5027,62.826,57.1959,73.6,56.44375,56.46125,56.50313,56.98525,851.56,533.26,1432.2,144.57,NaN,NaN
11/21/23,1330.25,2766.29,11753.71,2023.28,NaN,139.55,57.7027,63.026,57.3959,73.8,56.64375,56.66125,56.70313,57.18525,851.76,533.46,1432.4,144.77,NaN,NaN
11/22/23,1330.45,2766.49,11753.91,2023.48,NaN,139.75,57.9027,63.226,57.5959,74,56.84375,56.86125,56.90313,57.38525,851.96,533.66,1432.6,144.97,NaN,NaN
11/23/23,1330.65,2766.69,11754.11,2023.68,NaN,139.95,58.1027,63.426,57.7959,74.2,57.04375,57.06125,57.10313,57.58525,852.16,533.86,1432.8,145.17,NaN,NaN
11/24/23,1330.85,2766.89,11754.31,2023.88,NaN,140.15,58.3027,63.626,57.9959,74.4,57.24375,57.26125,57.30313,57.78525,852.36,534.06,1433,145.37,NaN,NaN
11/25/23,1331.05,2767.09,11754.51,2024.08,NaN,140.35,58.5027,63.826,58.1959,74.6,57.44375,57.46125,57.50313,57.98525,852.56,534.26,1433.2,145.57,NaN,NaN
11/26/23,1331.25,2767.29,11754.71,2024.28,NaN,140.55,58.7027,64.026,58.3959,74.8,57.64375,57.66125,57.70313,58.18525,852.76,534.46,1433.4,145.77,NaN,NaN
11/27/23,1331.45,2767.49,11754.91,2024.48,NaN,140.75,58.9027,64.226,58.5959,75,57.84375,57.86125,57.90313,58.38525,852.96,534.66,1433.6,145.97,NaN,NaN
11/28/23,1331.65,2767.69,11755.11,2024.68,NaN,140.95,59.1027,64.426,58.7959,75.2,58.04375,58.06125,58.10313,58.58525,853.16,534.86,1433.8,146.17,NaN,NaN
11/29/23,1331.85,2767.89,11755.31,2024.88,NaN,141.15,59.3027,64.626,58.9959,75.4,58.24375,58.26125,58.30313,58.78525,853.36,535.06,1434,146.37,NaN,NaN
11/30/23,1332.05,2768.09,11755.51,2025.08,NaN,141.35,59.5027,64.826,59.1959,75.6,58.44375,58.46125,58.50313,58.98525,853.56,535.26,1434.2,146.57,NaN,NaN
12/1/23,1332.25,2768.29,11755.71,2025.28,NaN,141.55,59.7027,65.026,59.3959,75.8,58.64375,58.66125,58.70313,59.18525,853.76,535.46,1434.4,146.77,NaN,NaN
12/2/23,1332.45,2768.49,11755.91,2025.48,NaN,141.75,59.9027,65.226,59.5959,76,58.84375,58.86125,58.90313,59.38525,853.96,535.66,1434.6,146.97,NaN,NaN
12/3/23,1332.65,2768.69,11756.11,2025.68,NaN,141.95,60.1027,65.426,59.7959,76.2,59.04375,59.06125,59.10313,59.58525,854.16,535.86,1434.8,147.17,NaN,NaN
12/4/23,1332.85,2768.89,11756.31,2025.88,NaN,142.15,60.3027,65.626,59.9959,76.4,59.24375,59.26125,59.30313,59.78525,854.36,536.06,1435,147.37,NaN,NaN
12/5/23,1333.05,2769.09,11756.51,2026.08,NaN,142.35,60.5027,65.826,60.1959,76.6,59.44375,59.46125,59.50313,59.98525,854.56,536.26,1435.2,147.57,NaN,NaN
12/6/23,1333.25,2769.29,11756.71,2026.28,NaN,142.55,60.7027,66.026,60.3959,76.8,59.64375,59.66125,59.70313,60.18525,854.76,536.46,1435.4,147.77,NaN,NaN
12/7/23,1333.45,2769.49,11756.91,2026.48,NaN,142.75,60.9027,66.226,60.5959,77,59.84375,59.86125,59.90313,60.38525,854.96,536.66,1435.6,147.97,NaN,NaN
12/8/23,1333.65,2769.69,11757.11,2026.68,NaN,142.95,61.1027,66.426,60.7959,77.2,60.04375,60.06125,60.10313,60.58525,855.16,536.86,1435.8,148.17,NaN,NaN
12/9/23,1333.85,2769.89,11757.31,2026.88,NaN,143.15,61.3027,66.626,60.9959,77.4,60.24375,60.26125,60.30313,60.78525,855.36,537.06,1436,148.37,NaN,NaN
12/10/23,1334.05,2770.09,11757.51,2027.08,NaN,143.35,61.5027,66.826,61.1959,77.6,60.44375,60.46125,60.50313,60.98525,855.56,537.26,1436.2,148.57,NaN,NaN
12/11/23,1334.25,2770.29,11757.71,2027.28,NaN,143.55,61.7027,67.026,61.3959,77.8,60.64375,60.66125,60.70313,61.18525,855.76,537.46,1436.4,148.77,NaN,NaN
12/12/23,1334.45,2770.49,11757.91,2027.48,NaN,143.75,61.9027,67.226,61.5959,78,60.84375,60.86125,60.90313,61.38525,855.96,537.66,1436.6,148.97,NaN,NaN
12/13/23,1334.65,2770.69,11758.11,2027.68,NaN,143.95,62.1027,67.426,61.7959,78.2,61.04375,61.06125,61.10313,61.58525,856.16,537.86,1436.8,149.17,NaN,NaN
12/14/23,1334.85,2770.89,11758.31,2027.88,NaN,144.15,62.3027,67.626,61.9959,78.4,61.24375,61.26125,61.30313,61.78525,856.36,538.06,1437,149.37,NaN,NaN
12/15/23,1334.85,2770.89,11758.31,2027.88,NaN,144.15,62.3027,67.626,61.9959,78.4,61.24375,61.26125,61.30313,61.78525,856.36,538.06,1437,149.37,NaN,NaN
,,,,,,,,,,,,,,,,,,,,
,,,,,,,,,,,,,,,,,,,,
,,,,,,,,,,,,,,,,,,,,
,,,,,,,,,,,,,,,,,,,,
,,,,,,,,,,,,,,,,,,,,
,,,,,,,,,,,,,,,,,,,,
,,,,,,,,,,,,,,,,,,,,
,,,,,,,,,,,,,,,,,,,,
,,,,,,,,,,,,,,,,,,,,
,,,,,,,,,,,,,,,,,,,,
,,,,,,,,,,,,,,,,,,,,
,,,,,,,,,,,,,,,,,,,,
,,,,,,,,,,,,,,,,,,,,
,,,,,,,,,,,,,,,,,,,,
,,,,,,,,,,,,,,,,,,,,
,,,,,,,,,,,,,,,,,,,,
,,,,,,,,,,,,,,,,,,,,
,,,,,,,,,,,,,,,,,,,,
,,,,,,,,,,,,,,,,,,,,
,,,,,,,,,,,,,,,,,,,,
,,,,,,,,,,,,,,,,,,,,
,,,,,,,,,,,,,,,,,,,,
,,,,,,,,,,,,,,,,,,,,
,,,,,,,,,,,,,,,,,,,,
,,,,,,,,,,,,,,,,,,,,
,,,,,,,,,,,,,,,,,,,,
,,,,,,,,,,,,,,,,,,,,
,,,,,,,,,,,,,,,,,,,,
,,,,,,,,,,,,,,,,,,,,
,,,,,,,,,,,,,,,,,,,,
,,,,,,,,,,,,,,,,,,,,
,,,,,,,,,,,,,,,,,,,,
,,,,,,,,,,,,,,,,,,,,
,,,,,,,,,,,,,,,,,,,,
,,,,,,,,,,,,,,,,,,,,
,,,,,,,,,,,,,,,,,,,,
,,,,,,,,,,,,,,,,,,,,
,,,,,,,,,,,,,,,,,,,,
,,,,,,,,,,,,,,,,,,,,
,,,,,,,,,,,,,,,,,,,,
,,,,,,,,,,,,,,,,,,,,
,,,,,,,,,,,,,,,,,,,,
,,,,,,,,,,,,,,,,,,,,
,,,,,,,,,,,,,,,,,,,,
,,,,,,,,,,,,,,,,,,,,
,,,,,,,,,,,,,,,,,,,,
,,,,,,,,,,,,,,,,,,,,
,,,,,,,,,,,,,,,,,,,,
,,,,,,,,,,,,,,,,,,,,
,,,,,,,,,,,,,,,,,,,,
,,,,,,,,,,,,,,,,,,,,
,,,,,,,,,,,,,,,,,,,,
,,,,,,,,,,,,,,,,,,,,
,,,,,,,,,,,,,,,,,,,,
,,,,,,,,,,,,,,,,,,,,
,,,,,,,,,,,,,,,,,,,,
,,,,,,,,,,,,,,,,,,,,
,,,,,,,,,,,,,,,,,,,,
,,,,,,,,,,,,,,,,,,,,
,,,,,,,,,,,,,,,,,,,,
,,,,,,,,,,,,,,,,,,,,
,,,,,,,,,,,,,,,,,,,,
,,,,,,,,,,,,,,,,,,,,
,,,,,,,,,,,,,,,,,,,,
,,,,,,,,,,,,,,,,,,,,
,,,,,,,,,,,,,,,,,,,,
,,,,,,,,,,,,,,,,,,,,
,,,,,,,,,,,,,,,,,,,,
,,,,,,,,,,,,,,,,,,,,
,,,,,,,,,,,,,,,,,,,,
,,,,,,,,,,,,,,,,,,,,
,,,,,,,,,,,,,,,,,,,,
,,,,,,,,,,,,,,,,,,,,
,,,,,,,,,,,,,,,,,,,,
,,,,,,,,,,,,,,,,,,,,
,,,,,,,,,,,,,,,,,,,,
,,,,,,,,,,,,,,,,,,,,
,,,,,,,,,,,,,,,,,,,,
,,,,,,,,,,,,,,,,,,,,
,,,,,,,,,,,,,,,,,,,,
,,,,,,,,,,,,,,,,,,,,
,,,,,,,,,,,,,,,,,,,,
,,,,,,,,,,,,,,,,,,,,
,,,,,,,,,,,,,,,,,,,,
,,,,,,,,,,,,,,,,,,,,
,,,,,,,,,,,,,,,,,,,,
,,,,,,,,,,,,,,,,,,,,
,,,,,,,,,,,,,,,,,,,,
,,,,,,,,,,,,,,,,,,,,
,,,,,,,,,,,,,,,,,,,,
,,,,,,,,,,,,,,,,,,,,
,,,,,,,,,,,,,,,,,,,,
,,,,,,,,,,,,,,,,,,,,
,,,,,,,,,,,,,,,,,,,,
,,,,,,,,,,,,,,,,,,,,
,,,,,,,,,,,,,,,,,,,,
,,,,,,,,,,,,,,,,,,,,
,,,,,,,,,,,,,,,,,,,,
,,,,,,,,,,,,,,,,,,,,
,,,,,,,,,,,,,,,,,,,,
,,,,,,,,,,,,,,,,,,,,
,,,,,,,,,,,,,,,,,,,,
,,,,,,,,,,,,,,,,,,,,
,,,,,,,,,,,,,,,,,,,,
,,,,,,,,,,,,,,,,,,,,
,,,,,,,,,,,,,,,,,,,,
,,,,,,,,,,,,,,,,,,,,
,,,,,,,,,,,,,,,,,,,,
,,,,,,,,,,,,,,,,,,,,
,,,,,,,,,,,,,,,,,,,,
,,,,,,,,,,,,,,,,,,,,
,,,,,,,,,,,,,,,,,,,,
,,,,,,,,,,,,,,,,,,,,
,,,,,,,,,,,,,,,,,,,,
,,,,,,,,,,,,,,,,,,,,
,,,,,,,,,,,,,,,,,,,,
,,,,,,,,,,,,,,,,,,,,
,,,,,,,,,,,,,,,,,,,,
,,,,,,,,,,,,,,,,,,,,
,,,,,,,,,,,,,,,,,,,,
,,,,,,,,,,,,,,,,,,,,
,,,,,,,,,,,,,,,,,,,,
,,,,,,,,,,,,,,,,,,,,
,,,,,,,,,,,,,,,,,,,,
,,,,,,,,,,,,,,,,,,,,
,,,,,,,,,,,,,,,,,,,,
,,,,,,,,,,,,,,,,,,,,
,,,,,,,,,,,,,,,,,,,,
,,,,,,,,,,,,,,,,,,,,
,,,,,,,,,,,,,,,,,,,,
,,,,,,,,,,,,,,,,,,,,
,,,,,,,,,,,,,,,,,,,,
,,,,,,,,,,,,,,,,,,,,
,,,,,,,,,,,,,,,,,,,,
,,,,,,,,,,,,,,,,,,,,
,,,,,,,,,,,,,,,,,,,,
,,,,,,,,,,,,,,,,,,,,
,,,,,,,,,,,,,,,,,,,,
,,,,,,,,,,,,,,,,,,,,
,,,,,,,,,,,,,,,,,,,,
,,,,,,,,,,,,,,,,,,,,
,,,,,,,,,,,,,,,,,,,,
,,,,,,,,,,,,,,,,,,,,
,,,,,,,,,,,,,,,,,,,,
,,,,,,,,,,,,,,,,,,,,
,,,,,,,,,,,,,,,,,,,,
,,,,,,,,,,,,,,,,,,,,
,,,,,,,,,,,,,,,,,,,,
,,,,,,,,,,,,,,,,,,,,
,,,,,,,,,,,,,,,,,,,,
,,,,,,,,,,,,,,,,,,,,
,,,,,,,,,,,,,,,,,,,,
,,,,,,,,,,,,,,,,,,,,
,,,,,,,,,,,,,,,,,,,,
,,,,,,,,,,,,,,,,,,,,
,,,,,,,,,,,,,,,,,,,,
,,,,,,,,,,,,,,,,,,,,
,,,,,,,,,,,,,,,,,,,,
,,,,,,,,,,,,,,,,,,,,
,,,,,,,,,,,,,,,,,,,,
,,,,,,,,,,,,,,,,,,,,
,,,,,,,,,,,,,,,,,,,,
,,,,,,,,,,,,,,,,,,,,
,,,,,,,,,,,,,,,,,,,,
,,,,,,,,,,,,,,,,,,,,
,,,,,,,,,,,,,,,,,,,,
,,,,,,,,,,,,,,,,,,,,
,,,,,,,,,,,,,,,,,,,,
,,,,,,,,,,,,,,,,,,,,
,,,,,,,,,,,,,,,,,,,,
,,,,,,,,,,,,,,,,,,,,
,,,,,,,,,,,,,,,,,,,,
,,,,,,,,,,,,,,,,,,,,
,,,,,,,,,,,,,,,,,,,,
,,,,,,,,,,,,,,,,,,,,
,,,,,,,,,,,,,,,,,,,,
,,,,,,,,,,,,,,,,,,,,
,,,,,,,,,,,,,,,,,,,,
,,,,,,,,,,,,,,,,,,,,
,,,,,,,,,,,,,,,,,,,,
,,,,,,,,,,,,,,,,,,,,
,,,,,,,,,,,,,,,,,,,,
,,,,,,,,,,,,,,,,,,,,
,,,,,,,,,,,,,,,,,,,,
,,,,,,,,,,,,,,,,,,,,
,,,,,,,,,,,,,,,,,,,,
,,,,,,,,,,,,,,,,,,,,
,,,,,,,,,,,,,,,,,,,,
,,,,,,,,,,,,,,,,,,,,
,,,,,,,,,,,,,,,,,,,,
,,,,,,,,,,,,,,,,,,,,
,,,,,,,,,,,,,,,,,,,,
,,,,,,,,,,,,,,,,,,,,
,,,,,,,,,,,,,,,,,,,,
,,,,,,,,,,,,,,,,,,,,
,,,,,,,,,,,,,,,,,,,,
,,,,,,,,,,,,,,,,,,,,
,,,,,,,,,,,,,,,,,,,,
,,,,,,,,,,,,,,,,,,,,
,,,,,,,,,,,,,,,,,,,,
,,,,,,,,,,,,,,,,,,,,
,,,,,,,,,,,,,,,,,,,,
,,,,,,,,,,,,,,,,,,,,
,,,,,,,,,,,,,,,,,,,,
,,,,,,,,,,,,,,,,,,,,
,,,,,,,,,,,,,,,,,,,,
,,,,,,,,,,,,,,,,,,,,
,,,,,,,,,,,,,,,,,,,,
,,,,,,,,,,,,,,,,,,,,
,,,,,,,,,,,,,,,,,,,,
,,,,,,,,,,,,,,,,,,,,
,,,,,,,,,,,,,,,,,,,,
,,,,,,,,,,,,,,,,,,,,
,,,,,,,,,,,,,,,,,,,,
,,,,,,,,,,,,,,,,,,,,
,,,,,,,,,,,,,,,,,,,,
,,,,,,,,,,,,,,,,,,,,
,,,,,,,,,,,,,,,,,,,,
,,,,,,,,,,,,,,,,,,,,
,,,,,,,,,,,,,,,,,,,,
,,,,,,,,,,,,,,,,,,,,
,,,,,,,,,,,,,,,,,,,,
,,,,,,,,,,,,,,,,,,,,
,,,,,,,,,,,,,,,,,,,,
,,,,,,,,,,,,,,,,,,,,
,,,,,,,,,,,,,,,,,,,,
,,,,,,,,,,,,,,,,,,,,
,,,,,,,,,,,,,,,,,,,,
,,,,,,,,,,,,,,,,,,,,
,,,,,,,,,,,,,,,,,,,,
,,,,,,,,,,,,,,,,,,,,
,,,,,,,,,,,,,,,,,,,,
,,,,,,,,,,,,,,,,,,,,
,,,,,,,,,,,,,,,,,,,,
,,,,,,,,,,,,,,,,,,,,
,,,,,,,,,,,,,,,,,,,,
,,,,,,,,,,,,,,,,,,,,
,,,,,,,,,,,,,,,,,,,,
,,,,,,,,,,,,,,,,,,,,
,,,,,,,,,,,,,,,,,,,,
,,,,,,,,,,,,,,,,,,,,
,,,,,,,,,,,,,,,,,,,,
,,,,,,,,,,,,,,,,,,,,
,,,,,,,,,,,,,,,,,,,,
,,,,,,,,,,,,,,,,,,,,
,,,,,,,,,,,,,,,,,,,,
,,,,,,,,,,,,,,,,,,,,
,,,,,,,,,,,,,,,,,,,,
,,,,,,,,,,,,,,,,,,,,
,,,,,,,,,,,,,,,,,,,,
,,,,,,,,,,,,,,,,,,,,
,,,,,,,,,,,,,,,,,,,,
,,,,,,,,,,,,,,,,,,,,
,,,,,,,,,,,,,,,,,,,,
,,,,,,,,,,,,,,,,,,,,
,,,,,,,,,,,,,,,,,,,,
,,,,,,,,,,,,,,,,,,,,
,,,,,,,,,,,,,,,,,,,,
,,,,,,,,,,,,,,,,,,,,
,,,,,,,,,,,,,,,,,,,,
,,,,,,,,,,,,,,,,,,,,
,,,,,,,,,,,,,,,,,,,,
,,,,,,,,,,,,,,,,,,,,
,,,,,,,,,,,,,,,,,,,,
,,,,,,,,,,,,,,,,,,,,
,,,,,,,,,,,,,,,,,,,,
,,,,,,,,,,,,,,,,,,,,
,,,,,,,,,,,,,,,,,,,,
,,,,,,,,,,,,,,,,,,,,
,,,,,,,,,,,,,,,,,,,,
,,,,,,,,,,,,,,,,,,,,
,,,,,,,,,,,,,,,,,,,,
,,,,,,,,,,,,,,,,,,,,
,,,,,,,,,,,,,,,,,,,,
,,,,,,,,,,,,,,,,,,,,
,,,,,,,,,,,,,,,,,,,,
,,,,,,,,,,,,,,,,,,,,
,,,,,,,,,,,,,,,,,,,,
,,,,,,,,,,,,,,,,,,,,
,,,,,,,,,,,,,,,,,,,,
,,,,,,,,,,,,,,,,,,,,
,,,,,,,,,,,,,,,,,,,,
,,,,,,,,,,,,,,,,,,,,
,,,,,,,,,,,,,,,,,,,,
,,,,,,,,,,,,,,,,,,,,
,,,,,,,,,,,,,,,,,,,,
,,,,,,,,,,,,,,,,,,,,
,,,,,,,,,,,,,,,,,,,,
,,,,,,,,,,,,,,,,,,,,
,,,,,,,,,,,,,,,,,,,,
,,,,,,,,,,,,,,,,,,,,
,,,,,,,,,,,,,,,,,,,,
,,,,,,,,,,,,,,,,,,,,
,,,,,,,,,,,,,,,,,,,,
,,,,,,,,,,,,,,,,,,,,
,,,,,,,,,,,,,,,,,,,,
,,,,,,,,,,,,,,,,,,,,
,,,,,,,,,,,,,,,,,,,,
,,,,,,,,,,,,,,,,,,,,
,,,,,,,,,,,,,,,,,,,,
,,,,,,,,,,,,,,,,,,,,
,,,,,,,,,,,,,,,,,,,,
,,,,,,,,,,,,,,,,,,,,
,,,,,,,,,,,,,,,,,,,,
,,,,,,,,,,,,,,,,,,,,
,,,,,,,,,,,,,,,,,,,,
,,,,,,,,,,,,,,,,,,,,
,,,,,,,,,,,,,,,,,,,,
,,,,,,,,,,,,,,,,,,,,
,,,,,,,,,,,,,,,,,,,,
,,,,,,,,,,,,,,,,,,,,
,,,,,,,,,,,,,,,,,,,,
,,,,,,,,,,,,,,,,,,,,
,,,,,,,,,,,,,,,,,,,,
,,,,,,,,,,,,,,,,,,,,
,,,,,,,,,,,,,,,,,,,,
,,,,,,,,,,,,,,,,,,,,
,,,,,,,,,,,,,,,,,,,,
,,,,,,,,,,,,,,,,,,,,
,,,,,,,,,,,,,,,,,,,,
,,,,,,,,,,,,,,,,,,,,